first_name,last_name,email,gender
Jewel,Lay,jlay0@hostgator.com,Female
Evaleen,Zimmerman,ezimmerman1@pagesperso-orange.fr,Female
Arluene,Rutty,arutty2@parallels.com,Female
Martha,Ambrus,mambrus3@yellowbook.com,Female
Amelina,Blowfield,ablowfield4@google.com.au,Female
Noell,Inworth,ninworth5@va.gov,Female
Huberto,Gilliat,hgilliat6@cloudflare.com,Male
Melly,Greves,mgreves7@gnu.org,Female
Cammi,Colbrun,ccolbrun8@fastcompany.com,Female
Felice,Mounter,fmounter9@infoseek.co.jp,Male
Halli,Jennens,hjennensa@yellowbook.com,Female
Corette,Mellenby,cmellenbyb@opera.com,Female
Barb,Damarell,bdamarellc@mediafire.com,Female
Gilbert,Jiggen,gjiggend@elegantthemes.com,Male
Dyanna,Antognetti,dantognettie@google.ru,Female
Judy,Hingeley,jhingeleyf@bigcartel.com,Female
Marji,Le Pine,mlepineg@skype.com,Female
Aloise,Jepperson,ajeppersonh@cnbc.com,Female
Cordy,Garcia,cgarciai@va.gov,Male
Jeana,Dunstone,jdunstonej@rediff.com,Female
Lula,Giraths,lgirathsk@nbcnews.com,Female
Vale,Imesen,vimesenl@mysql.com,Female
Thomasin,Redmille,tredmillem@mapquest.com,Female
Delilah,Firks,dfirksn@geocities.com,Female
Renee,Kernes,rkerneso@google.it,Female
Chrotoem,O'Dougherty,codoughertyp@infoseek.co.jp,Male
Kellen,McColl,kmccollq@mtv.com,Female
Chane,Ledgley,cledgleyr@imdb.com,Male
Everard,Sweetlove,esweetloves@psu.edu,Male
Linn,Brand,lbrandt@cpanel.net,Male
Brew,Pendergast,bpendergastu@mashable.com,Male
Chiquita,Czaja,cczajav@ihg.com,Female
Bertie,Raiment,braimentw@hhs.gov,Female
Lulita,Doogood,ldoogoodx@jiathis.com,Female
Casper,Salsbury,csalsburyy@unc.edu,Male
Roby,Gummie,rgummiez@angelfire.com,Female
Alleyn,Mansford,amansford10@amazon.co.uk,Male
Jone,Albin,jalbin11@springer.com,Male
Bonni,Babinski,bbabinski12@4shared.com,Female
Helenelizabeth,Durning,hdurning13@domainmarket.com,Female
Milo,Esposita,mesposita14@army.mil,Male
Johnath,Romushkin,jromushkin15@tiny.cc,Female
Elysha,Burgise,eburgise16@unblog.fr,Female
Monique,Malicki,mmalicki17@redcross.org,Female
Candra,Cumesky,ccumesky18@shinystat.com,Female
Windy,Blasio,wblasio19@amazon.co.jp,Female
Crystie,Lennon,clennon1a@thetimes.co.uk,Female
Gabriella,Kleinhausen,gkleinhausen1b@thetimes.co.uk,Female
Clementius,Heelis,cheelis1c@surveymonkey.com,Male
Gena,Shadrack,gshadrack1d@cargocollective.com,Female
Anya,Grealy,agrealy1e@webeden.co.uk,Female
Karin,Dudding,kdudding1f@infoseek.co.jp,Female
Barrie,Phillis,bphillis1g@elpais.com,Male
Gene,Leversuch,gleversuch1h@scribd.com,Female
Horatio,Moseley,hmoseley1i@epa.gov,Male
Mahalia,McLane,mmclane1j@admin.ch,Female
Ertha,Coslett,ecoslett1k@plala.or.jp,Female
Connor,Janca,cjanca1l@yolasite.com,Male
Libbey,Semken,lsemken1m@gnu.org,Female
Angeli,Beteriss,abeteriss1n@yellowbook.com,Male
Caril,Wontner,cwontner1o@scientificamerican.com,Female
Zarah,Mungan,zmungan1p@state.tx.us,Female
Silas,Dumbelton,sdumbelton1q@istockphoto.com,Male
Licha,Pallaske,lpallaske1r@reference.com,Female
Max,Lillow,mlillow1s@pagesperso-orange.fr,Female
Ella,Sopp,esopp1t@china.com.cn,Female
Melita,Tadd,mtadd1u@plala.or.jp,Female
Zacharia,Jauncey,zjauncey1v@boston.com,Male
Robinet,Rivilis,rrivilis1w@linkedin.com,Female
Jesse,Buttrick,jbuttrick1x@indiegogo.com,Male
Mable,Impleton,mimpleton1y@sohu.com,Female
Ernesto,Jopling,ejopling1z@europa.eu,Male
Fitzgerald,Foucar,ffoucar20@blogs.com,Male
Gerhardt,Sproson,gsproson21@feedburner.com,Male
Victor,Cargon,vcargon22@amazon.com,Male
Isabeau,Scargle,iscargle23@cocolog-nifty.com,Female
Delora,Weepers,dweepers24@joomla.org,Female
Nevin,Barnwell,nbarnwell25@alexa.com,Male
Jammie,Flahive,jflahive26@columbia.edu,Female
Brandie,Davidi,bdavidi27@wikipedia.org,Female
Bea,Linham,blinham28@dyndns.org,Female
Eleonore,Sage,esage29@phoca.cz,Female
Tansy,Jennrich,tjennrich2a@ebay.co.uk,Female
Harp,Ballay,hballay2b@blogspot.com,Male
Dawn,Wale,dwale2c@shinystat.com,Female
Benito,MacCrachen,bmaccrachen2d@xinhuanet.com,Male
Rosella,Freemantle,rfreemantle2e@xrea.com,Female
Edmund,Tidridge,etidridge2f@aboutads.info,Male
Bernhard,Kenworthy,bkenworthy2g@stanford.edu,Male
Lilas,Champ,lchamp2h@bbb.org,Female
Gerty,McGiveen,gmcgiveen2i@dedecms.com,Female
Daryn,Shoreman,dshoreman2j@nifty.com,Female
Gonzales,Imore,gimore2k@jigsy.com,Male
Quill,Barthot,qbarthot2l@about.me,Male
Red,Shrieves,rshrieves2m@yellowpages.com,Male
Cybill,Pollicott,cpollicott2n@spiegel.de,Female
Kamillah,Garrioch,kgarrioch2o@bing.com,Female
Analiese,Bronger,abronger2p@bluehost.com,Female
Magdalene,Mousley,mmousley2q@weibo.com,Female
Myrvyn,Northrop,mnorthrop2r@baidu.com,Male
Vaughan,Semper,vsemper2s@gmpg.org,Male
Hilario,Alaway,halaway2t@rediff.com,Male
Clarke,Keyhoe,ckeyhoe2u@wikimedia.org,Male
Lovell,Mityakov,lmityakov2v@nba.com,Male
Wit,Cestard,wcestard2w@squidoo.com,Male
Swen,Ginty,sginty2x@redcross.org,Male
Lexi,Janoch,ljanoch2y@eventbrite.com,Female
Ilario,Bastin,ibastin2z@foxnews.com,Male
Tully,Matthews,tmatthews30@altervista.org,Male
Dilly,Bromby,dbromby31@cnbc.com,Male
Mariska,Manjin,mmanjin32@woothemes.com,Female
Granthem,Cruce,gcruce33@auda.org.au,Male
Rudolph,Hush,rhush34@dion.ne.jp,Male
Alfi,McGruar,amcgruar35@newyorker.com,Female
Krystle,Purdy,kpurdy36@intel.com,Female
Eudora,Husk,ehusk37@gravatar.com,Female
Mendel,Martusov,mmartusov38@tripod.com,Male
Tiphany,Gallaher,tgallaher39@storify.com,Female
Cairistiona,Howroyd,chowroyd3a@bloglines.com,Female
Hobard,De la croix,hdelacroix3b@chicagotribune.com,Male
Martie,Bibbie,mbibbie3c@feedburner.com,Male
Jeniece,Miliffe,jmiliffe3d@fda.gov,Female
Leroy,Belliss,lbelliss3e@mashable.com,Male
Harli,Coules,hcoules3f@fc2.com,Female
Druci,McGrotty,dmcgrotty3g@msu.edu,Female
Merralee,Hoyes,mhoyes3h@washington.edu,Female
Alvie,Atherley,aatherley3i@dailymotion.com,Male
Richard,Reubel,rreubel3j@cpanel.net,Male
William,Coffee,wcoffee3k@goodreads.com,Male
Amberly,Withrington,awithrington3l@altervista.org,Female
Tad,Kynoch,tkynoch3m@google.co.jp,Male
Rodd,Beames,rbeames3n@canalblog.com,Male
Jdavie,Batrip,jbatrip3o@nba.com,Male
Laureen,Luna,lluna3p@moonfruit.com,Female
Malory,Docket,mdocket3q@cisco.com,Female
Carlen,De Maria,cdemaria3r@dailymail.co.uk,Female
Fons,Lillywhite,flillywhite3s@4shared.com,Male
Caren,Cotgrove,ccotgrove3t@sogou.com,Female
Aloysia,Skacel,askacel3u@yahoo.co.jp,Female
Angele,O'Fearguise,aofearguise3v@adobe.com,Female
Roslyn,MacNeish,rmacneish3w@ucsd.edu,Female
Tine,Crumpe,tcrumpe3x@princeton.edu,Female
Aubrey,Crane,acrane3y@elegantthemes.com,Female
Etan,Stoves,estoves3z@flavors.me,Male
Netti,Clubbe,nclubbe40@seesaa.net,Female
Danie,Drayn,ddrayn41@hexun.com,Male
Titus,Panks,tpanks42@mysql.com,Male
Tracie,Pooly,tpooly43@comcast.net,Female
Sheilakathryn,Brizland,sbrizland44@youtu.be,Female
Germain,Cockitt,gcockitt45@godaddy.com,Male
Brody,Pendlington,bpendlington46@ovh.net,Male
Natala,McSperron,nmcsperron47@issuu.com,Female
Lynette,Calbrathe,lcalbrathe48@jiathis.com,Female
Elisha,Tombleson,etombleson49@com.com,Male
Dannye,Ciotto,dciotto4a@zdnet.com,Female
Jedd,Mallord,jmallord4b@gizmodo.com,Male
Henri,Yukhnev,hyukhnev4c@purevolume.com,Male
Cariotta,O' Timony,cotimony4d@ed.gov,Female
Dorrie,Nobbs,dnobbs4e@google.com.br,Female
Isadora,Leaman,ileaman4f@state.gov,Female
Rosy,Dran,rdran4g@ifeng.com,Female
Rosita,Verduin,rverduin4h@nsw.gov.au,Female
Scarlet,Franchi,sfranchi4i@cpanel.net,Female
Amandy,Harvatt,aharvatt4j@topsy.com,Female
Christian,Bricknall,cbricknall4k@vinaora.com,Male
Petra,Grombridge,pgrombridge4l@blog.com,Female
Morganne,Gabbitas,mgabbitas4m@godaddy.com,Female
Jeanna,Baird,jbaird4n@mapy.cz,Female
Stacy,Selwyn,sselwyn4o@netvibes.com,Female
Maxy,Tarborn,mtarborn4p@dyndns.org,Male
Shea,Tschirasche,stschirasche4q@bloglines.com,Female
Mitch,Plumridege,mplumridege4r@arizona.edu,Male
Richmound,Marwick,rmarwick4s@geocities.com,Male
Herb,Phillott,hphillott4t@sfgate.com,Male
Mitchael,O'Crevy,mocrevy4u@fastcompany.com,Male
Gerik,Degan,gdegan4v@apache.org,Male
Dorothee,Heggman,dheggman4w@ning.com,Female
Annie,Row,arow4x@google.pl,Female
Adriane,Posen,aposen4y@opensource.org,Female
Rosalyn,Thorley,rthorley4z@wired.com,Female
Auberon,Lumsden,alumsden50@delicious.com,Male
Nat,Okeshott,nokeshott51@oaic.gov.au,Male
Biddie,Bernocchi,bbernocchi52@ftc.gov,Female
Maighdiln,Mountain,mmountain53@blogtalkradio.com,Female
Ives,Stockdale,istockdale54@reference.com,Male
Nert,Hann,nhann55@google.com.hk,Female
Mariana,Feaster,mfeaster56@eepurl.com,Female
Eleanore,Guterson,eguterson57@g.co,Female
Marten,Loftie,mloftie58@google.co.jp,Male
Lindy,Mullarkey,lmullarkey59@1und1.de,Male
Kacy,Astall,kastall5a@yahoo.co.jp,Female
Christiane,Wormleighton,cwormleighton5b@edublogs.org,Female
Elsey,Nazer,enazer5c@npr.org,Female
Berta,Jennaway,bjennaway5d@shutterfly.com,Female
Vally,Yakovl,vyakovl5e@ibm.com,Female
Shaine,Float,sfloat5f@pagesperso-orange.fr,Male
Clevie,Wafer,cwafer5g@edublogs.org,Male
Faulkner,Collisson,fcollisson5h@bloglovin.com,Male
Bertrando,Unsworth,bunsworth5i@ft.com,Male
Nydia,Purdom,npurdom5j@howstuffworks.com,Female
Juli,Collyns,jcollyns5k@live.com,Female
Patrica,Scoon,pscoon5l@moonfruit.com,Female
Aldin,Luthwood,aluthwood5m@wiley.com,Male
Linda,Billyard,lbillyard5n@symantec.com,Female
Shandie,Ruggles,sruggles5o@wp.com,Female
Liliane,O'Hern,lohern5p@weibo.com,Female
Rivy,Haworth,rhaworth5q@symantec.com,Female
Frederick,Hallums,fhallums5r@odnoklassniki.ru,Male
Ernst,Peaurt,epeaurt5s@tmall.com,Male
Ediva,Eakly,eeakly5t@yandex.ru,Female
Micah,Wallwork,mwallwork5u@123-reg.co.uk,Male
Chicky,Tilliard,ctilliard5v@barnesandnoble.com,Male
Dallas,Letchford,dletchford5w@squarespace.com,Male
Toddie,Fawks,tfawks5x@tumblr.com,Male
Julio,Matissoff,jmatissoff5y@ucsd.edu,Male
Devina,Dearness,ddearness5z@so-net.ne.jp,Female
Georas,Loveitt,gloveitt60@sogou.com,Male
Austen,Vale,avale61@360.cn,Male
Myer,Chittem,mchittem62@dion.ne.jp,Male
Dimitri,La Padula,dlapadula63@tinyurl.com,Male
Regina,Dorward,rdorward64@cnn.com,Female
Nikolaos,Cantero,ncantero65@intel.com,Male
Alphard,Gianotti,agianotti66@indiatimes.com,Male
Yank,Casswell,ycasswell67@senate.gov,Male
Marji,Neissen,mneissen68@gravatar.com,Female
Jonathan,Clousley,jclousley69@virginia.edu,Male
Renee,Hamfleet,rhamfleet6a@jigsy.com,Female
Travers,Assad,tassad6b@census.gov,Male
Grace,Harris,gharris6c@prnewswire.com,Female
Dalia,Giacomelli,dgiacomelli6d@bloglovin.com,Female
Huberto,Poynor,hpoynor6e@clickbank.net,Male
Maris,Brolly,mbrolly6f@dailymail.co.uk,Female
Barbara,Ackland,backland6g@craigslist.org,Female
Dud,Kendell,dkendell6h@amazonaws.com,Male
Almeta,Tippin,atippin6i@virginia.edu,Female
Vonny,Blackborne,vblackborne6j@unesco.org,Female
Ginnie,Lepere,glepere6k@discuz.net,Female
Elbert,Backson,ebackson6l@oakley.com,Male
Hildegaard,Gosselin,hgosselin6m@comsenz.com,Female
Cecily,Tidman,ctidman6n@blogger.com,Female
Debor,Catcherside,dcatcherside6o@pen.io,Female
Manda,Dagnall,mdagnall6p@apple.com,Female
Rancell,Winters,rwinters6q@berkeley.edu,Male
Lorin,Surmon,lsurmon6r@nytimes.com,Male
Lind,MacCartan,lmaccartan6s@wikia.com,Male
Barron,Pursey,bpursey6t@wired.com,Male
Cobb,Kanter,ckanter6u@etsy.com,Male
Francesca,Sparey,fsparey6v@digg.com,Female
Brittan,Rousby,brousby6w@stanford.edu,Female
Tristam,Arnowicz,tarnowicz6x@sun.com,Male
Giacopo,Otter,gotter6y@ucla.edu,Male
Gradey,Houson,ghouson6z@ucsd.edu,Male
Arabelle,Orwin,aorwin70@parallels.com,Female
Rayna,Halpeine,rhalpeine71@list-manage.com,Female
Ines,Froom,ifroom72@fda.gov,Female
Rosie,Dunstan,rdunstan73@123-reg.co.uk,Female
Damaris,Blakey,dblakey74@flickr.com,Female
Nikoletta,McLagain,nmclagain75@msu.edu,Female
Justen,Jowitt,jjowitt76@hugedomains.com,Male
Guntar,Shakesbye,gshakesbye77@imageshack.us,Male
Ernst,Prater,eprater78@gizmodo.com,Male
Karia,Berkeley,kberkeley79@hugedomains.com,Female
Jill,Pursehouse,jpursehouse7a@walmart.com,Female
Kinna,Keford,kkeford7b@cnet.com,Female
Carolina,Kubista,ckubista7c@seesaa.net,Female
Boothe,Valencia,bvalencia7d@bbc.co.uk,Male
Morris,Monte,mmonte7e@squarespace.com,Male
Lawry,Mantione,lmantione7f@etsy.com,Male
Paola,Arendt,parendt7g@technorati.com,Female
Bobby,Radage,bradage7h@dropbox.com,Male
Barrie,Georgius,bgeorgius7i@msn.com,Male
Wenona,Carrol,wcarrol7j@nih.gov,Female
Mark,Chatelet,mchatelet7k@dailymotion.com,Male
Jessa,Macrae,jmacrae7l@slate.com,Female
Shannah,Mirralls,smirralls7m@disqus.com,Female
Mair,Droghan,mdroghan7n@virginia.edu,Female
Lorry,Marczyk,lmarczyk7o@google.de,Male
Skipper,Fulloway,sfulloway7p@elpais.com,Male
Luther,Tabb,ltabb7q@youtu.be,Male
Wilona,Stoad,wstoad7r@lycos.com,Female
Jackelyn,Atterbury,jatterbury7s@bloglines.com,Female
Renie,Sheppard,rsheppard7t@youku.com,Female
Gerladina,Figgures,gfiggures7u@tiny.cc,Female
Chloris,Keri,ckeri7v@nifty.com,Female
Karie,Tomkins,ktomkins7w@shutterfly.com,Female
Blondy,Calf,bcalf7x@discuz.net,Female
Johny,Grattan,jgrattan7y@flavors.me,Male
Mikkel,Millican,mmillican7z@indiatimes.com,Male
Shaina,Dongall,sdongall80@elpais.com,Female
Alair,Tilzey,atilzey81@hatena.ne.jp,Male
Willey,Nicholas,wnicholas82@mozilla.org,Male
Garvin,Peet,gpeet83@goo.ne.jp,Male
Kelila,Deares,kdeares84@narod.ru,Female
Urbanus,Redding,uredding85@addtoany.com,Male
Stella,Petican,spetican86@g.co,Female
Trev,Craxford,tcraxford87@wufoo.com,Male
Averell,Shrimpton,ashrimpton88@walmart.com,Male
Lonna,Wiskar,lwiskar89@live.com,Female
Benji,Cromly,bcromly8a@google.co.uk,Male
Ryley,Hurll,rhurll8b@bandcamp.com,Male
Devi,Mereweather,dmereweather8c@acquirethisname.com,Female
Hayes,Twiggins,htwiggins8d@paginegialle.it,Male
Rhys,Gyer,rgyer8e@mapquest.com,Male
Rahel,Elstow,relstow8f@sbwire.com,Female
Pembroke,Baswall,pbaswall8g@dmoz.org,Male
Samara,Escalera,sescalera8h@bandcamp.com,Female
Rance,Wildbore,rwildbore8i@upenn.edu,Male
Zeke,Colling,zcolling8j@webeden.co.uk,Male
Haslett,Fettes,hfettes8k@about.me,Male
Shep,Coultar,scoultar8l@mozilla.org,Male
Hilly,Rowlett,hrowlett8m@lycos.com,Male
Ardelia,Falloon,afalloon8n@creativecommons.org,Female
Trescha,MacCafferty,tmaccafferty8o@flickr.com,Female
Terza,Durrance,tdurrance8p@psu.edu,Female
Bryn,Cosby,bcosby8q@chronoengine.com,Female
Ashlee,Cyphus,acyphus8r@vkontakte.ru,Female
Beilul,Rickesies,brickesies8s@weebly.com,Female
Giusto,Deneve,gdeneve8t@naver.com,Male
Katrinka,Idale,kidale8u@senate.gov,Female
Babette,Janek,bjanek8v@purevolume.com,Female
Gregory,Gibberd,ggibberd8w@shareasale.com,Male
Linnell,Pic,lpic8x@dailymotion.com,Female
Shae,Harvey,sharvey8y@seesaa.net,Female
Jodi,Presslie,jpresslie8z@weather.com,Male
Pryce,Scholey,pscholey90@phpbb.com,Male
Kaila,Rowntree,krowntree91@shareasale.com,Female
Thane,Sporton,tsporton92@yelp.com,Male
Noble,McCaughran,nmccaughran93@mlb.com,Male
Anjanette,Heibel,aheibel94@delicious.com,Female
Pooh,Francomb,pfrancomb95@sourceforge.net,Male
Dorie,Cast,dcast96@slate.com,Female
Bret,Milan,bmilan97@go.com,Male
Madeline,Paviour,mpaviour98@jalbum.net,Female
Jamesy,Pelerin,jpelerin99@icio.us,Male
Raimund,Gange,rgange9a@php.net,Male
Scotti,Sigars,ssigars9b@webs.com,Male
Walton,Dubber,wdubber9c@github.com,Male
Asa,O'Neil,aoneil9d@yellowpages.com,Male
Aldus,Mobius,amobius9e@patch.com,Male
Viv,McLaverty,vmclaverty9f@oaic.gov.au,Female
Andris,Pfeiffer,apfeiffer9g@youtube.com,Male
Peadar,Hackleton,phackleton9h@lulu.com,Male
Gonzales,Middell,gmiddell9i@youku.com,Male
Savina,Whittleton,swhittleton9j@tinypic.com,Female
Emmye,Ivers,eivers9k@newyorker.com,Female
Pandora,Sage,psage9l@ehow.com,Female
Gardener,Dedney,gdedney9m@japanpost.jp,Male
Andris,Hadland,ahadland9n@yandex.ru,Male
Erik,Miettinen,emiettinen9o@surveymonkey.com,Male
Tore,Braddick,tbraddick9p@vinaora.com,Male
Biron,Herreros,bherreros9q@elegantthemes.com,Male
Hollyanne,La Padula,hlapadula9r@psu.edu,Female
Janice,MacNair,jmacnair9s@nymag.com,Female
Ettie,McGeever,emcgeever9t@npr.org,Female
Pietrek,Ronca,pronca9u@mysql.com,Male
Derk,Sawer,dsawer9v@mashable.com,Male
Audre,Beecheno,abeecheno9w@webs.com,Female
Asa,Campes,acampes9x@wufoo.com,Male
Phip,Lemmer,plemmer9y@bravesites.com,Male
Dael,Mariet,dmariet9z@mail.ru,Male
Gottfried,Lurriman,glurrimana0@lycos.com,Male
Bree,Peddel,bpeddela1@google.com.br,Female
Leigh,Bertomeu,lbertomeua2@amazon.com,Male
Erin,Willes,ewillesa3@sourceforge.net,Female
Deirdre,Cresswell,dcresswella4@photobucket.com,Female
Shayne,Ozelton,sozeltona5@wikispaces.com,Male
Doll,Southeran,dsoutherana6@discovery.com,Female
Moishe,Mundow,mmundowa7@cornell.edu,Male
Lydia,Gatenby,lgatenbya8@mozilla.org,Female
Carly,Ikins,cikinsa9@msn.com,Male
Winna,Mussolini,wmussoliniaa@linkedin.com,Female
Lulu,Traylen,ltraylenab@51.la,Female
Junia,Cairns,jcairnsac@linkedin.com,Female
Elga,Willetts,ewillettsad@microsoft.com,Female
Godfry,Keays,gkeaysae@army.mil,Male
Cordi,Hacquard,chacquardaf@weebly.com,Female
Roanne,Lethby,rlethbyag@berkeley.edu,Female
Ethel,Woodall,ewoodallah@devhub.com,Female
Tracey,Stollmeier,tstollmeierai@devhub.com,Female
Kerk,Battershall,kbattershallaj@disqus.com,Male
Haley,Sulter,hsulterak@webeden.co.uk,Male
Blaire,Bruckner,bbruckneral@twitter.com,Female
Timothea,McFaul,tmcfaulam@google.ru,Female
Gar,Bennis,gbennisan@myspace.com,Male
Teddy,Ketchen,tketchenao@independent.co.uk,Male
Kit,Cessford,kcessfordap@cnn.com,Male
Amitie,Layfield,alayfieldaq@vkontakte.ru,Female
Gusta,Messier,gmessierar@ed.gov,Female
Devora,Crucetti,dcrucettias@cdbaby.com,Female
Brok,Aspey,baspeyat@chron.com,Male
Birgit,Leddie,bleddieau@bing.com,Female
Augustina,Wolffers,awolffersav@geocities.jp,Female
Koren,Endon,kendonaw@foxnews.com,Female
Melantha,Bachnic,mbachnicax@wisc.edu,Female
Ronda,Bister,rbisteray@hhs.gov,Female
Vanessa,Blanchette,vblanchetteaz@reverbnation.com,Female
Timmy,Swatten,tswattenb0@wsj.com,Male
Cobby,Golby,cgolbyb1@redcross.org,Male
Blane,Sedgemond,bsedgemondb2@cnbc.com,Male
Gilles,Wolledge,gwolledgeb3@t-online.de,Male
Kristy,Elwyn,kelwynb4@uiuc.edu,Female
Filide,Serginson,fserginsonb5@skype.com,Female
Ania,Pruckner,aprucknerb6@globo.com,Female
Robert,McLevie,rmclevieb7@bloglovin.com,Male
Forster,Eginton,fegintonb8@com.com,Male
Kristin,Odgers,kodgersb9@geocities.com,Female
Beaufort,Cornillot,bcornillotba@acquirethisname.com,Male
Marlow,Ewart,mewartbb@google.com.br,Male
Lebbie,McGeffen,lmcgeffenbc@ox.ac.uk,Female
Abby,Deevey,adeeveybd@vinaora.com,Female
Sonnnie,Camoys,scamoysbe@elpais.com,Female
Dorey,Aiskovitch,daiskovitchbf@addtoany.com,Female
Dion,Zebedee,dzebedeebg@so-net.ne.jp,Male
Neda,Clabburn,nclabburnbh@seattletimes.com,Female
Odella,Chesser,ochesserbi@hhs.gov,Female
Roxanne,Santello,rsantellobj@webmd.com,Female
Faber,Arne,farnebk@nytimes.com,Male
Pammy,Antonik,pantonikbl@npr.org,Female
Dody,Shaw,dshawbm@yellowbook.com,Female
Matt,Auston,maustonbn@opensource.org,Male
Sander,Heeks,sheeksbo@amazon.de,Male
Jaime,Muirhead,jmuirheadbp@ameblo.jp,Female
Bertram,Eddison,beddisonbq@auda.org.au,Male
Sydel,Orrom,sorrombr@istockphoto.com,Female
Norby,Cornelleau,ncornelleaubs@prlog.org,Male
Carey,Vigurs,cvigursbt@ning.com,Male
Pacorro,Marquis,pmarquisbu@people.com.cn,Male
Marji,Briggdale,mbriggdalebv@amazon.de,Female
Kerianne,McArley,kmcarleybw@google.com.hk,Female
Russ,Autrie,rautriebx@dell.com,Male
Uri,Litherland,ulitherlandby@odnoklassniki.ru,Male
Cosme,Rhead,crheadbz@photobucket.com,Male
Hewitt,Quinion,hquinionc0@theglobeandmail.com,Male
Kylie,Keyson,kkeysonc1@wikispaces.com,Female
Carlos,O'Bruen,cobruenc2@nps.gov,Male
Dean,Brewitt,dbrewittc3@elegantthemes.com,Male
Yank,Sibery,ysiberyc4@businesswire.com,Male
Clemmie,Ivanets,civanetsc5@shareasale.com,Female
Pancho,McArte,pmcartec6@tiny.cc,Male
Tabb,Lecky,tleckyc7@apache.org,Male
Saloma,Oxe,soxec8@ask.com,Female
Brietta,Cheng,bchengc9@paginegialle.it,Female
Chan,Mottley,cmottleyca@zdnet.com,Male
Lowrance,Paddingdon,lpaddingdoncb@hubpages.com,Male
Saunders,Gayther,sgaythercc@unblog.fr,Male
Odell,Lawrinson,olawrinsoncd@china.com.cn,Male
Davita,Quiddihy,dquiddihyce@usnews.com,Female
Berkly,Westphalen,bwestphalencf@chronoengine.com,Male
Helli,Mitro,hmitrocg@paginegialle.it,Female
Nanette,Bohlmann,nbohlmannch@vimeo.com,Female
Quentin,Gonzalvo,qgonzalvoci@fastcompany.com,Female
Electra,McAvaddy,emcavaddycj@springer.com,Female
Mose,Hassin,mhassinck@berkeley.edu,Male
Ediva,Rubinfeld,erubinfeldcl@salon.com,Female
Angil,Fairbourne,afairbournecm@live.com,Female
Mark,Brotheridge,mbrotheridgecn@usda.gov,Male
Emanuele,Snape,esnapeco@google.ru,Male
Eddie,Dallimare,edallimarecp@tmall.com,Male
Amery,Edgeson,aedgesoncq@stumbleupon.com,Male
Riane,Dolohunty,rdolohuntycr@virginia.edu,Female
Colly,Loosemore,cloosemorecs@fda.gov,Female
Denys,Stocks,dstocksct@cnn.com,Female
Jemimah,Teather,jteathercu@rakuten.co.jp,Female
Clarita,Milesop,cmilesopcv@jiathis.com,Female
Alyss,Bonifazio,abonifaziocw@tripod.com,Female
Stuart,Gyorffy,sgyorffycx@bloomberg.com,Male
Annemarie,Muro,amurocy@bbc.co.uk,Female
Loren,Grayston,lgraystoncz@infoseek.co.jp,Female
Jamill,Lyver,jlyverd0@angelfire.com,Male
Vite,Kelle,vkelled1@google.es,Male
Nevile,Glinde,nglinded2@forbes.com,Male
Joletta,Corkett,jcorkettd3@timesonline.co.uk,Female
Polly,De Lisle,pdelisled4@livejournal.com,Female
Vin,Jiru,vjirud5@google.cn,Male
Elspeth,McKall,emckalld6@odnoklassniki.ru,Female
Boone,Thistleton,bthistletond7@people.com.cn,Male
Brewer,Foltin,bfoltind8@archive.org,Male
King,Valens-Smith,kvalenssmithd9@goo.gl,Male
Krissie,Allderidge,kallderidgeda@youku.com,Female
Crysta,Skace,cskacedb@msn.com,Female
Geneva,Dunning,gdunningdc@imdb.com,Female
Brock,Somes,bsomesdd@godaddy.com,Male
Carly,Ganter,cganterde@dagondesign.com,Male
Greta,Offa,goffadf@slashdot.org,Female
Willetta,Spacey,wspaceydg@blogspot.com,Female
Isadore,Rapps,irappsdh@pagesperso-orange.fr,Male
Xylia,Jurisch,xjurischdi@liveinternet.ru,Female
Rianon,Dornin,rdornindj@icio.us,Female
Torr,Bucke,tbuckedk@yandex.ru,Male
Renae,Marchment,rmarchmentdl@wisc.edu,Female
Orson,Clohissy,oclohissydm@zdnet.com,Male
Dari,Dunn,ddunndn@house.gov,Female
Brittni,Pittaway,bpittawaydo@printfriendly.com,Female
Andrea,Corn,acorndp@delicious.com,Male
Eal,Matteotti,ematteottidq@tamu.edu,Male
Davine,Hawsby,dhawsbydr@oaic.gov.au,Female
Padriac,Eyers,peyersds@trellian.com,Male
Esmeralda,Vause,evausedt@addtoany.com,Female
Martie,Fetherby,mfetherbydu@about.me,Male
Cherise,Eadmeades,ceadmeadesdv@nytimes.com,Female
Valencia,Bellini,vbellinidw@epa.gov,Female
Barbara,Lockner,blocknerdx@posterous.com,Female
Candy,Warret,cwarretdy@gizmodo.com,Female
Dredi,Rubenfeld,drubenfelddz@360.cn,Female
Noellyn,Inston,ninstone0@e-recht24.de,Female
Royall,Vinck,rvincke1@who.int,Male
Joelie,Poland,jpolande2@disqus.com,Female
Dionysus,Coleford,dcoleforde3@wsj.com,Male
Gare,Gellert,ggellerte4@miitbeian.gov.cn,Male
Ken,Woolley,kwoolleye5@fotki.com,Male
Blinnie,Bedenham,bbedenhame6@baidu.com,Female
Milton,Raimbauld,mraimbaulde7@themeforest.net,Male
Minnie,Soans,msoanse8@slideshare.net,Female
Florencia,Vasilchenko,fvasilchenkoe9@upenn.edu,Female
Linzy,Newrick,lnewrickea@tumblr.com,Female
Lesli,Erangy,lerangyeb@1688.com,Female
Cole,Sego,csegoec@state.gov,Male
Stu,Grocott,sgrocotted@wikimedia.org,Male
Novelia,Wattins,nwattinsee@google.com.br,Female
Delainey,Sendall,dsendallef@ftc.gov,Male
Riobard,Autin,rautineg@guardian.co.uk,Male
Rollo,Koch,rkocheh@smh.com.au,Male
Skipton,Carmichael,scarmichaelei@posterous.com,Male
Louisa,Pedden,lpeddenej@chronoengine.com,Female
Milt,Hardes,mhardesek@squarespace.com,Male
Edvard,Dorant,edorantel@msu.edu,Male
Brander,Scranny,bscrannyem@examiner.com,Male
Shell,Shoobridge,sshoobridgeen@ovh.net,Female
Bunny,Shevelin,bshevelineo@fema.gov,Female
Stephan,Grestye,sgrestyeep@wordpress.org,Male
Janet,MacCardle,jmaccardleeq@census.gov,Female
Tadeo,Jezzard,tjezzarder@edublogs.org,Male
Broderic,Caddock,bcaddockes@diigo.com,Male
Goldi,Coston,gcostonet@mediafire.com,Female
Shayla,Fevers,sfeverseu@mayoclinic.com,Female
Olga,Inder,oinderev@mashable.com,Female
Launce,Sherborne,lsherborneew@pagesperso-orange.fr,Male
Maiga,Bewsy,mbewsyex@godaddy.com,Female
Antonius,A'Barrow,aabarrowey@woothemes.com,Male
Dalton,Toffler,dtofflerez@barnesandnoble.com,Male
Stacy,Willson,swillsonf0@goo.gl,Male
Thorsten,Linnock,tlinnockf1@goo.gl,Male
Kean,Gridon,kgridonf2@shareasale.com,Male
Hendrika,De Giorgi,hdegiorgif3@instagram.com,Female
Val,Jaqueme,vjaquemef4@xrea.com,Female
Dominik,Seary,dsearyf5@bravesites.com,Male
Dermot,Frazier,dfrazierf6@yelp.com,Male
Francene,Leyshon,fleyshonf7@usatoday.com,Female
Wylie,Delhanty,wdelhantyf8@ameblo.jp,Male
Mildred,Kenafaque,mkenafaquef9@amazon.de,Female
Lillis,Tooley,ltooleyfa@hexun.com,Female
Chloe,Krolman,ckrolmanfb@xinhuanet.com,Female
Caddric,Tomaszek,ctomaszekfc@imageshack.us,Male
Garrek,Gwillim,ggwillimfd@skype.com,Male
Susan,Staddon,sstaddonfe@blogtalkradio.com,Female
Ruddie,Baynom,rbaynomff@blogger.com,Male
Jared,Matthius,jmatthiusfg@creativecommons.org,Male
Bernard,Lampke,blampkefh@opensource.org,Male
Wilhelmina,Baythorp,wbaythorpfi@list-manage.com,Female
Tersina,Blatcher,tblatcherfj@omniture.com,Female
Simon,Richardeau,srichardeaufk@wordpress.org,Male
Scarlett,Anderton,sandertonfl@typepad.com,Female
Edgard,Lightbourn,elightbournfm@telegraph.co.uk,Male
Fawne,Tewkesberry,ftewkesberryfn@xinhuanet.com,Female
Jamal,Lawee,jlaweefo@chronoengine.com,Male
Hettie,Daughtry,hdaughtryfp@apache.org,Female
Jens,Ayerst,jayerstfq@w3.org,Male
Eula,Asplen,easplenfr@hao123.com,Female
Lorry,Ruthen,lruthenfs@altervista.org,Female
Les,Beatey,lbeateyft@virginia.edu,Male
Philippa,Kiely,pkielyfu@constantcontact.com,Female
Thelma,Eborall,teborallfv@google.it,Female
Lion,Hexum,lhexumfw@gov.uk,Male
Gwenore,Kingsnoad,gkingsnoadfx@about.com,Female
Lulita,Boots,lbootsfy@themeforest.net,Female
Emmett,Peggs,epeggsfz@yale.edu,Male
Caroline,Wetherell,cwetherellg0@sbwire.com,Female
Hanson,Matasov,hmatasovg1@businessweek.com,Male
Wilt,Klasen,wklaseng2@google.ca,Male
Coletta,Comazzo,ccomazzog3@hexun.com,Female
Juliana,Bootman,jbootmang4@ning.com,Female
Clarisse,Willetts,cwillettsg5@joomla.org,Female
Erda,Surmeyer,esurmeyerg6@goodreads.com,Female
Theobald,Sumshon,tsumshong7@tamu.edu,Male
Faun,Stockey,fstockeyg8@cnbc.com,Female
Toni,Defries,tdefriesg9@discovery.com,Female
Emily,Gaize,egaizega@123-reg.co.uk,Female
Iver,Foulser,ifoulsergb@who.int,Male
Dulcy,Inchan,dinchangc@sciencedaily.com,Female
Aldous,Duckitt,aduckittgd@indiegogo.com,Male
Udell,Lindfors,ulindforsge@npr.org,Male
Adolph,McIlreavy,amcilreavygf@blinklist.com,Male
Roseline,Goudard,rgoudardgg@360.cn,Female
Leslie,Pales,lpalesgh@foxnews.com,Female
Umberto,Benyan,ubenyangi@people.com.cn,Male
Titos,Whellams,twhellamsgj@tmall.com,Male
Raviv,Jossel,rjosselgk@topsy.com,Male
Tracey,Wethers,twethersgl@blogger.com,Female
Leila,Moodey,lmoodeygm@clickbank.net,Female
Christiana,Trulock,ctrulockgn@lulu.com,Female
Zahara,Bassford,zbassfordgo@cisco.com,Female
Antonie,Nelthrop,anelthropgp@constantcontact.com,Female
Hertha,Armytage,harmytagegq@kickstarter.com,Female
Feodora,Starcks,fstarcksgr@exblog.jp,Female
Diane-marie,Kempe,dkempegs@w3.org,Female
Courtney,Strasse,cstrassegt@npr.org,Female
Joseph,Abbett,jabbettgu@craigslist.org,Male
Vinnie,Knuckles,vknucklesgv@state.tx.us,Male
Hildagarde,Henzley,hhenzleygw@admin.ch,Female
Orella,Northall,onorthallgx@cpanel.net,Female
Jacinda,Hambrick,jhambrickgy@goo.ne.jp,Female
Gram,Littefair,glittefairgz@jugem.jp,Male
Amy,Schreiner,aschreinerh0@shutterfly.com,Female
Arv,Tichelaar,atichelaarh1@chron.com,Male
Aile,Rudeyeard,arudeyeardh2@vistaprint.com,Female
Amerigo,Killelay,akillelayh3@theatlantic.com,Male
Trudi,Tooth,ttoothh4@domainmarket.com,Female
Chrotoem,Kingaby,ckingabyh5@hugedomains.com,Male
Katharina,Robilart,krobilarth6@google.co.jp,Female
Erena,Brickwood,ebrickwoodh7@bigcartel.com,Female
Maude,Geibel,mgeibelh8@mozilla.com,Female
Ivett,Zanelli,izanellih9@paypal.com,Female
Horatius,Novik,hnovikha@goo.ne.jp,Male
Eliot,Conroy,econroyhb@qq.com,Male
Curr,Haxley,chaxleyhc@sbwire.com,Male
Morie,Trivett,mtrivetthd@nasa.gov,Male
Debera,Judgkins,djudgkinshe@de.vu,Female
Isaiah,Comolli,icomollihf@china.com.cn,Male
Kaleb,Caughey,kcaugheyhg@flickr.com,Male
Rory,Castellan,rcastellanhh@ebay.co.uk,Female
Christoffer,Rosina,crosinahi@bravesites.com,Male
Zack,Lenox,zlenoxhj@imageshack.us,Male
Artus,Amiable,aamiablehk@rediff.com,Male
Ebony,Edsell,eedsellhl@mediafire.com,Female
Cecilio,Konneke,ckonnekehm@purevolume.com,Male
Rollie,Ferenczi,rferenczihn@godaddy.com,Male
Mayor,Gauson,mgausonho@berkeley.edu,Male
Liv,Lapsley,llapsleyhp@rakuten.co.jp,Female
Letty,Liell,lliellhq@purevolume.com,Female
Hugh,Pietron,hpietronhr@jimdo.com,Male
Burch,Hedan,bhedanhs@4shared.com,Male
Huberto,Alsina,halsinaht@spiegel.de,Male
Jammal,Ollarenshaw,jollarenshawhu@cargocollective.com,Male
Haskell,Etheridge,hetheridgehv@ft.com,Male
Rafferty,Chatres,rchatreshw@earthlink.net,Male
Krysta,Ornils,kornilshx@bbc.co.uk,Female
Benoite,Ballard,bballardhy@reddit.com,Female
Donica,Marklew,dmarklewhz@toplist.cz,Female
Erin,Meldrum,emeldrumi0@hibu.com,Male
Brigitta,Salthouse,bsalthousei1@yellowbook.com,Female
Maude,Bew,mbewi2@buzzfeed.com,Female
Calhoun,Chorley,cchorleyi3@macromedia.com,Male
Lamar,Gullan,lgullani4@yellowbook.com,Male
Tailor,Peddersen,tpedderseni5@webmd.com,Male
Deanne,Winkworth,dwinkworthi6@uiuc.edu,Female
Giusto,Werner,gwerneri7@dedecms.com,Male
Bertram,Carlyle,bcarlylei8@dagondesign.com,Male
Fernande,Sandwick,fsandwicki9@jugem.jp,Female
Courtnay,Mahmood,cmahmoodia@epa.gov,Male
Kathlin,Wilmot,kwilmotib@cbslocal.com,Female
Sydelle,Garman,sgarmanic@topsy.com,Female
Nikita,Vigrass,nvigrassid@t.co,Male
Nellie,Boodell,nboodellie@blogtalkradio.com,Female
Reeva,Aronin,raroninif@yandex.ru,Female
Brendan,Clewlowe,bclewloweig@cbslocal.com,Male
Ashley,Easlea,aeasleaih@cbslocal.com,Male
Raynard,Dunmore,rdunmoreii@infoseek.co.jp,Male
Malcolm,Jancy,mjancyij@si.edu,Male
Mechelle,Livingston,mlivingstonik@goo.gl,Female
Chris,Donaher,cdonaheril@mozilla.com,Female
Abby,Rivers,ariversim@shop-pro.jp,Female
Felic,Upston,fupstonin@freewebs.com,Male
Ferrell,Antrum,fantrumio@blinklist.com,Male
Kylynn,Dye,kdyeip@apple.com,Female
Ronni,Parkman,rparkmaniq@scribd.com,Female
Filmore,Maxsted,fmaxstedir@nba.com,Male
Denni,Roos,droosis@privacy.gov.au,Female
Ricard,Brignell,rbrignellit@slate.com,Male
Gabi,Sanchez,gsancheziu@tripod.com,Male
Pierrette,Rucklidge,prucklidgeiv@ehow.com,Female
Miguel,Levet,mlevetiw@scientificamerican.com,Male
Myrwyn,Giuron,mgiuronix@tiny.cc,Male
Jarrod,Olligan,jolliganiy@tuttocitta.it,Male
Janie,Reary,jrearyiz@cam.ac.uk,Female
Tyne,Puleston,tpulestonj0@uol.com.br,Female
Cherice,Dowthwaite,cdowthwaitej1@npr.org,Female
Aksel,Southworth,asouthworthj2@amazon.co.jp,Male
Morna,Muckersie,mmuckersiej3@opensource.org,Female
Rodge,Mounsey,rmounseyj4@xing.com,Male
Ransom,De Hooge,rdehoogej5@wikispaces.com,Male
Nichols,Lau,nlauj6@liveinternet.ru,Male
Cyndi,Mowbury,cmowburyj7@constantcontact.com,Female
Margery,Giovani,mgiovanij8@guardian.co.uk,Female
Cloris,Hugueville,chuguevillej9@eepurl.com,Female
Ulrick,Antonomoli,uantonomolija@google.ca,Male
Seth,Yankov,syankovjb@sourceforge.net,Male
Alfie,Bracco,abraccojc@ucoz.com,Female
Diana,Peascod,dpeascodjd@pagesperso-orange.fr,Female
Lorant,Gobell,lgobellje@newsvine.com,Male
Gasper,Hakonsson,ghakonssonjf@blogtalkradio.com,Male
Benedikta,Mallan,bmallanjg@booking.com,Female
Bertie,Dabbs,bdabbsjh@tiny.cc,Female
Kamilah,Diffley,kdiffleyji@clickbank.net,Female
Dukey,Birdis,dbirdisjj@bloglines.com,Male
Zarah,Mowson,zmowsonjk@freewebs.com,Female
Miles,Whitely,mwhitelyjl@facebook.com,Male
Emmy,Larkin,elarkinjm@rambler.ru,Female
Bevin,Goodlife,bgoodlifejn@ucsd.edu,Male
Harald,Hissie,hhissiejo@ow.ly,Male
Molly,Tomczak,mtomczakjp@psu.edu,Female
Evelin,Newick,enewickjq@latimes.com,Male
Reinold,Swidenbank,rswidenbankjr@dailymotion.com,Male
Shirl,Matveyev,smatveyevjs@army.mil,Female
Wenonah,Coyett,wcoyettjt@nsw.gov.au,Female
Brad,Smidmor,bsmidmorju@google.pl,Male
Gabie,Dominka,gdominkajv@youku.com,Female
Nolly,Reiling,nreilingjw@vk.com,Male
Granthem,Hyde,ghydejx@nifty.com,Male
Reinold,Pordal,rpordaljy@nps.gov,Male
Damiano,O'Carney,docarneyjz@princeton.edu,Male
Whittaker,Killich,wkillichk0@imgur.com,Male
Aldridge,Jepps,ajeppsk1@xrea.com,Male
Stefania,Goodayle,sgoodaylek2@bandcamp.com,Female
Mathias,Aldington,maldingtonk3@mediafire.com,Male
Dinah,Hardison,dhardisonk4@hhs.gov,Female
Sancho,Grindley,sgrindleyk5@dell.com,Male
Dennie,Thickins,dthickinsk6@yahoo.co.jp,Female
Wolfie,Antunez,wantunezk7@w3.org,Male
Lucius,Dewes,ldewesk8@disqus.com,Male
Alfredo,Garrioch,agarriochk9@over-blog.com,Male
Dallas,Petz,dpetzka@umn.edu,Female
Carlotta,Lechelle,clechellekb@youtu.be,Female
Laetitia,Sclater,lsclaterkc@yandex.ru,Female
Webster,Hugli,whuglikd@marriott.com,Male
Ashley,Franceschelli,afranceschellike@php.net,Female
Orran,Scrinage,oscrinagekf@drupal.org,Male
Meaghan,Anlay,manlaykg@hubpages.com,Female
Selinda,Clemonts,sclemontskh@nydailynews.com,Female
Tarrance,Hunsworth,thunsworthki@biglobe.ne.jp,Male
Josiah,Haizelden,jhaizeldenkj@shop-pro.jp,Male
Hanan,McEllen,hmcellenkk@is.gd,Male
Corabelle,Gerrad,cgerradkl@webmd.com,Female
Ardys,Kynston,akynstonkm@opera.com,Female
Zonda,Senescall,zsenescallkn@rambler.ru,Female
Chrisse,Menendez,cmenendezko@desdev.cn,Male
Terrie,Gibbens,tgibbenskp@theatlantic.com,Female
Warren,Grocott,wgrocottkq@dot.gov,Male
Frankie,Ivanusyev,fivanusyevkr@state.tx.us,Male
Vivienne,Pickersail,vpickersailks@photobucket.com,Female
Hyman,Peyro,hpeyrokt@bloomberg.com,Male
Averell,Littlechild,alittlechildku@wikia.com,Male
Avram,Mobberley,amobberleykv@miitbeian.gov.cn,Male
Jacky,Landrieu,jlandrieukw@squidoo.com,Male
Joceline,Geary,jgearykx@springer.com,Female
Knox,Pach,kpachky@cbslocal.com,Male
Cecile,Brightie,cbrightiekz@yahoo.com,Female
Jason,Mathivon,jmathivonl0@buzzfeed.com,Male
Phineas,Askam,paskaml1@biglobe.ne.jp,Male
Ulrich,Pollen,upollenl2@phoca.cz,Male
Julius,Lethby,jlethbyl3@npr.org,Male
Joachim,Richemont,jrichemontl4@chron.com,Male
Lia,Stansell,lstanselll5@clickbank.net,Female
Nehemiah,Spore,nsporel6@surveymonkey.com,Male
Desiree,Dwelley,ddwelleyl7@mediafire.com,Female
Jannel,Code,jcodel8@senate.gov,Female
Desmond,Gillease,dgilleasel9@usatoday.com,Male
Ginni,Bertenshaw,gbertenshawla@sitemeter.com,Female
Zane,Paley,zpaleylb@privacy.gov.au,Male
Paco,Worshall,pworshalllc@stumbleupon.com,Male
Alec,Garnsworthy,agarnsworthyld@opera.com,Male
Danila,Blythin,dblythinle@google.co.uk,Female
Ashton,Archdeckne,aarchdecknelf@paginegialle.it,Male
Waring,Ingarfield,wingarfieldlg@opensource.org,Male
Eyde,Dysert,edysertlh@webmd.com,Female
Reggis,Bushel,rbushelli@reddit.com,Male
Geraldine,Leber,gleberlj@google.de,Female
Kimberlee,Stoyle,kstoylelk@hostgator.com,Female
Shaylynn,Gault,sgaultll@businessweek.com,Female
Agnes,Pindred,apindredlm@chronoengine.com,Female
Merrill,Yosselevitch,myosselevitchln@live.com,Female
Gale,Dusey,gduseylo@myspace.com,Female
Olivie,Gerretsen,ogerretsenlp@sohu.com,Female
Rozina,Iveans,riveanslq@nih.gov,Female
La verne,Ramsden,lramsdenlr@php.net,Female
Freeman,Ciccotto,fciccottols@t-online.de,Male
Kaela,Girkins,kgirkinslt@qq.com,Female
Olvan,Currao,ocurraolu@businesswire.com,Male
Kaitlynn,McGauhy,kmcgauhylv@phpbb.com,Female
Ninetta,Grangier,ngrangierlw@multiply.com,Female
Rahal,Leatherland,rleatherlandlx@zdnet.com,Female
Sandy,Caddan,scaddanly@freewebs.com,Male
Hilton,Burchess,hburchesslz@mapy.cz,Male
Wyndham,Ong,wongm0@goo.gl,Male
Collette,Colling,ccollingm1@blogspot.com,Female
Colette,Weddeburn - Scrimgeour,cweddeburnscrimgeourm2@pbs.org,Female
Ayn,Hamlett,ahamlettm3@msn.com,Female
Trixi,Ferretti,tferrettim4@blogspot.com,Female
Dennis,Mylechreest,dmylechreestm5@examiner.com,Male
Dulce,Toffano,dtoffanom6@rediff.com,Female
Nanine,Dibdale,ndibdalem7@hao123.com,Female
Guillemette,Folomkin,gfolomkinm8@artisteer.com,Female
Roi,Acock,racockm9@barnesandnoble.com,Male
Riva,Pescott,rpescottma@webnode.com,Female
Dale,Fallon,dfallonmb@liveinternet.ru,Female
Calli,Tallyn,ctallynmc@tuttocitta.it,Female
Melantha,Myton,mmytonmd@t.co,Female
Pascale,Piatti,ppiattime@digg.com,Male
Maximilien,Huygen,mhuygenmf@geocities.com,Male
Jana,Cordelet,jcordeletmg@ebay.co.uk,Female
Karel,Harrell,kharrellmh@lycos.com,Female
Frans,Chrispin,fchrispinmi@google.ca,Male
Ezequiel,Gilogly,egiloglymj@kickstarter.com,Male
Jessee,Martusewicz,jmartusewiczmk@tmall.com,Male
Shurwood,Bahls,sbahlsml@delicious.com,Male
Torey,Bragginton,tbraggintonmm@columbia.edu,Male
Eamon,Incogna,eincognamn@java.com,Male
Tori,Northfield,tnorthfieldmo@list-manage.com,Female
Cleavland,MacAvaddy,cmacavaddymp@imgur.com,Male
Abby,Veld,aveldmq@shinystat.com,Female
Virgie,Guidotti,vguidottimr@twitter.com,Male
Vic,Hollington,vhollingtonms@nyu.edu,Male
Gertrude,Whistlecraft,gwhistlecraftmt@globo.com,Female
Pippa,Siene,psienemu@wikispaces.com,Female
Ben,Schiersch,bschierschmv@abc.net.au,Male
Eva,Orthmann,eorthmannmw@redcross.org,Female
Delphinia,Gittose,dgittosemx@wisc.edu,Female
Jocelyne,Seman,jsemanmy@webmd.com,Female
Celestyn,Itzakovitz,citzakovitzmz@bloglines.com,Female
John,Sember,jsembern0@ted.com,Male
Flore,Duny,fdunyn1@sohu.com,Female
Athena,Giraudou,agiraudoun2@businessinsider.com,Female
Bearnard,Waryk,bwarykn3@ebay.co.uk,Male
Harrison,Behne,hbehnen4@ted.com,Male
Foss,Eakens,feakensn5@fda.gov,Male
Veda,Duthy,vduthyn6@amazonaws.com,Female
Caterina,Dannatt,cdannattn7@goodreads.com,Female
Adam,Bedwell,abedwelln8@unblog.fr,Male
Mufi,Pinnick,mpinnickn9@pen.io,Female
Domenic,Fantone,dfantonena@edublogs.org,Male
Karel,Dwelly,kdwellynb@irs.gov,Male
Sanders,Ullyott,sullyottnc@google.co.jp,Male
Ariel,Volette,avolettend@reverbnation.com,Female
Duff,Woodcock,dwoodcockne@slate.com,Male
Heidi,McCandless,hmccandlessnf@wix.com,Female
Tallulah,Bolin,tbolinng@hhs.gov,Female
Mignon,Daile,mdailenh@dyndns.org,Female
Chaddy,Iglesias,ciglesiasni@opensource.org,Male
Zeke,Pinckney,zpinckneynj@paypal.com,Male
Elladine,Aspital,easpitalnk@sbwire.com,Female
Katalin,Perrington,kperringtonnl@dedecms.com,Female
Arliene,Hackleton,ahackletonnm@studiopress.com,Female
Edee,Stimson,estimsonnn@ox.ac.uk,Female
Sher,McClymont,smcclymontno@washingtonpost.com,Female
Diann,Sharple,dsharplenp@narod.ru,Female
Teddi,Middle,tmiddlenq@shop-pro.jp,Female
Vivianna,Charte,vchartenr@miitbeian.gov.cn,Female
Matelda,Daunay,mdaunayns@drupal.org,Female
Gaye,Weeds,gweedsnt@multiply.com,Female
Alix,Bernth,abernthnu@businesswire.com,Male
Stanton,Kill,skillnv@vistaprint.com,Male
Gavan,Treadway,gtreadwaynw@deliciousdays.com,Male
Marten,Carwithan,mcarwithannx@wunderground.com,Male
Gilbertina,Spurling,gspurlingny@craigslist.org,Female
Marti,Cranham,mcranhamnz@ucoz.ru,Female
Kippie,Blanque,kblanqueo0@seattletimes.com,Female
Adrian,Cristoforo,acristoforoo1@webmd.com,Female
Marysa,Haggas,mhaggaso2@blog.com,Female
Felic,Shillaker,fshillakero3@sciencedirect.com,Male
Rorie,Churm,rchurmo4@github.com,Female
Nisse,Kirkwood,nkirkwoodo5@vkontakte.ru,Female
Alia,Crallan,acrallano6@economist.com,Female
Deedee,Straine,dstraineo7@msu.edu,Female
Eleonora,Roscoe,eroscoeo8@marriott.com,Female
Neils,Midner,nmidnero9@sbwire.com,Male
Papageno,June,pjuneoa@e-recht24.de,Male
Elberta,Pane,epaneob@aol.com,Female
Clemmie,MacGarrity,cmacgarrityoc@google.ru,Male
Ebenezer,Woollin,ewoollinod@java.com,Male
Dicky,Hassin,dhassinoe@google.com.br,Male
Eveleen,Jedrzaszkiewicz,ejedrzaszkiewiczof@topsy.com,Female
Tamera,Gasking,tgaskingog@sitemeter.com,Female
Bruis,Creevy,bcreevyoh@trellian.com,Male
Jaymee,Crowther,jcrowtheroi@google.cn,Female
Nina,Rittmeier,nrittmeieroj@wisc.edu,Female
Rickie,Taggert,rtaggertok@mozilla.com,Female
Axe,Antonov,aantonovol@edublogs.org,Male
Boote,Verner,bvernerom@washington.edu,Male
Arlen,Fosher,afosheron@youtu.be,Male
Anjela,Lasham,alashamoo@bandcamp.com,Female
Melba,Hatto,mhattoop@archive.org,Female
Rad,Quartermain,rquartermainoq@pcworld.com,Male
Evered,Childes,echildesor@foxnews.com,Male
Jenica,Drewell,jdrewellos@wp.com,Female
Devin,Drever,ddreverot@jugem.jp,Male
Alyss,Frowd,afrowdou@sogou.com,Female
Nanny,Mundee,nmundeeov@msn.com,Female
Edgardo,Thorbon,ethorbonow@mit.edu,Male
Donnie,Olle,dolleox@umich.edu,Female
Brit,Mathonnet,bmathonnetoy@bizjournals.com,Female
Trula,Boerderman,tboerdermanoz@ihg.com,Female
Danny,Sheridan,dsheridanp0@sciencedirect.com,Male
Alis,Raitt,araittp1@princeton.edu,Female
Gonzales,Hedge,ghedgep2@elpais.com,Male
Trace,Targett,ttargettp3@omniture.com,Male
Lars,Botler,lbotlerp4@businessinsider.com,Male
Fabian,Rennenbach,frennenbachp5@de.vu,Male
Celle,Willson,cwillsonp6@woothemes.com,Female
Maximilien,Minchindon,mminchindonp7@discovery.com,Male
Esra,Lishmund,elishmundp8@scribd.com,Male
Brenden,Scamaden,bscamadenp9@wordpress.com,Male
Alameda,Aleixo,aaleixopa@irs.gov,Female
Niki,Jago,njagopb@xinhuanet.com,Male
Eugenius,Hubbard,ehubbardpc@parallels.com,Male
Nikoletta,Blakesley,nblakesleypd@nytimes.com,Female
Jaclyn,Gower,jgowerpe@mashable.com,Female
Pammy,Skitteral,pskitteralpf@blogs.com,Female
Cathlene,Friel,cfrielpg@telegraph.co.uk,Female
Karlotte,Paulley,kpaulleyph@myspace.com,Female
Cahra,Grayer,cgrayerpi@comsenz.com,Female
Samson,Wansbury,swansburypj@yale.edu,Male
Glynis,McGoon,gmcgoonpk@discovery.com,Female
Dosi,Dundredge,ddundredgepl@dropbox.com,Female
Wyatt,Hammerton,whammertonpm@skyrock.com,Male
Cindelyn,Gammel,cgammelpn@nps.gov,Female
Nikolai,Lightwood,nlightwoodpo@va.gov,Male
Angelina,Deniseau,adeniseaupp@phoca.cz,Female
Jasper,M'Barron,jmbarronpq@slashdot.org,Male
Athena,Waddam,awaddampr@about.me,Female
Shea,Littrick,slittrickps@wunderground.com,Female
Skelly,Sarfat,ssarfatpt@umn.edu,Male
Eduino,Adney,eadneypu@free.fr,Male
Waldo,Undrell,wundrellpv@forbes.com,Male
Salomo,Norsister,snorsisterpw@fda.gov,Male
Emmey,Bourdas,ebourdaspx@infoseek.co.jp,Female
Malina,Kivell,mkivellpy@epa.gov,Female
Germain,Berk,gberkpz@usa.gov,Male
Fidelio,Cannam,fcannamq0@eepurl.com,Male
Grove,Littlecote,glittlecoteq1@prlog.org,Male
Aile,McMurty,amcmurtyq2@tmall.com,Female
Buffy,Blofield,bblofieldq3@sphinn.com,Female
Hunfredo,McGlaughn,hmcglaughnq4@irs.gov,Male
Lane,Fulep,lfulepq5@usnews.com,Male
Konstance,Chisholm,kchisholmq6@technorati.com,Female
Pernell,Davall,pdavallq7@tinypic.com,Male
Thain,Linthead,tlintheadq8@yellowpages.com,Male
Nerty,Gibbings,ngibbingsq9@ibm.com,Female
Esme,Matzl,ematzlqa@elpais.com,Female
Jud,Odcroft,jodcroftqb@ustream.tv,Male
Rodolph,Francecione,rfrancecioneqc@wix.com,Male
Halimeda,Postlewhite,hpostlewhiteqd@ibm.com,Female
Juanita,Stanlike,jstanlikeqe@freewebs.com,Female
Muhammad,Brookson,mbrooksonqf@vk.com,Male
Babita,Rothert,brothertqg@sohu.com,Female
Katharyn,Buche,kbucheqh@google.ca,Female
Alfi,McQuin,amcquinqi@icq.com,Female
Everett,Mackleden,emackledenqj@fda.gov,Male
Huntley,Swepstone,hswepstoneqk@liveinternet.ru,Male
Ted,Smallsman,tsmallsmanql@google.fr,Male
Mitch,Levesley,mlevesleyqm@scribd.com,Male
Bee,Roath,broathqn@hexun.com,Female
Douglas,Isaac,disaacqo@usda.gov,Male
Ira,Smithen,ismithenqp@ameblo.jp,Male
Tatum,Ounsworth,tounsworthqq@cpanel.net,Female
Kendell,Chiverstone,kchiverstoneqr@ucoz.com,Male
Matti,Brehaut,mbrehautqs@ted.com,Female
Devland,Pavic,dpavicqt@bravesites.com,Male
Emile,Evenett,eevenettqu@phpbb.com,Male
Zak,Kobes,zkobesqv@google.co.jp,Male
Catie,Carine,ccarineqw@youtube.com,Female
Cedric,Broadis,cbroadisqx@yellowpages.com,Male
Curtice,Ashpole,cashpoleqy@blogspot.com,Male
Benedict,Caws,bcawsqz@wordpress.org,Male
Karalynn,Benley,kbenleyr0@weather.com,Female
Gabby,Berkelay,gberkelayr1@bing.com,Male
Roger,Rosenfarb,rrosenfarbr2@apache.org,Male
Hewett,Diperaus,hdiperausr3@ucla.edu,Male
Clayborne,Elan,celanr4@facebook.com,Male
Jaymee,Vogel,jvogelr5@yahoo.com,Female
Horatio,Szymoni,hszymonir6@nsw.gov.au,Male
Carole,Saint,csaintr7@themeforest.net,Female
Marcel,Wort,mwortr8@paginegialle.it,Male
Scot,Toynbee,stoynbeer9@uiuc.edu,Male
Read,Westpfel,rwestpfelra@admin.ch,Male
Ernest,Eady,eeadyrb@ocn.ne.jp,Male
Lissa,Bakewell,lbakewellrc@dot.gov,Female
Anabal,Laughnan,alaughnanrd@soup.io,Female
Eugen,Pinock,epinockre@com.com,Male
Glynis,Dent,gdentrf@uiuc.edu,Female
Ced,Di Domenico,cdidomenicorg@ft.com,Male
Merrilee,Kentish,mkentishrh@networksolutions.com,Female
Lissa,Hodgin,lhodginri@histats.com,Female
Boot,Risdale,brisdalerj@smh.com.au,Male
Adeline,McKinnon,amckinnonrk@devhub.com,Female
Catherin,Fessby,cfessbyrl@irs.gov,Female
Finley,Deeley,fdeeleyrm@bloglovin.com,Male
Maximilien,Custard,mcustardrn@parallels.com,Male
Shell,Rossbrooke,srossbrookero@pagesperso-orange.fr,Female
Maryann,Billham,mbillhamrp@noaa.gov,Female
Farr,Arias,fariasrq@xrea.com,Male
Mufinella,Duferie,mduferierr@google.es,Female
